VARIANT	VARIANT	VARIANT	VARIANT	VARIANT	VARIANT	VARIANT	VARIANT	VARIANT	VARIANT	VARIANT	VARIANT	VARIANT	VARIANT	NA00001	NA00001	NA00001	NA00001	NA00001	NA00002	NA00002	NA00002	NA00002	NA00002	NA00003	NA00003	NA00003	NA00003	NA00003
CHROM	POS	REF	ALT	QUAL	FILTER	NS	AN	AC	DP	AF	AA	DB	H2	GT	GQ	DP	HQ	DQ	GT	GQ	DP	HQ	DQ	GT	GQ	DP	HQ	DQ
19	111	A	C	9.6								false	false	0|0			10	hello	0|0			10	world	0/1			3	.
19	112	A	G	10								false	false	0|0			10		0|0			10		0/1			3	
20	14370	G	A	29	PASS	3			14	0.5		true	true	0|0	48	1	51		1|0	48	8	51		1/1	43	5	-2147483648	
20	17330	T	A	3	q10	3			11	0.017		false	false	0|0	49	3	58		0|1	3	5	65		0/0	41	3	-2147483648	
20	1110696	A	G	67	PASS	2			10	0.333	T	true	false	1|2	21	6	23		2|1	2	0	18		2/2	35	4	-2147483648	
20	1110696	A	T	67	PASS	2			10	0.333	T	true	false	1|2	21	6	23		2|1	2	0	18		2/2	35	4	-2147483648	
20	1234567	G	GA	50	PASS	3	6	3	9		G	false	false	0/1	-2147483648	4			0/2	17	2			1/1	40	3		
20	1234567	G	GAC	50	PASS	3	6	3	9		G	false	false	0/1	-2147483648	4			0/2	17	2			1/1	40	3		
X	10	AC	A	10	PASS							false	false	0					0/1					0|2				
X	10	AC	ATG	10	PASS							false	false	0					0/1					0|2				
		
